{"time": [0.0, 0.025, 0.07500000000000001, 0.125, 0.175, 0.22499999999999998, 0.27499999999999997, 0.32499999999999996, 0.37499999999999994, 0.42499999999999993, 0.4749999999999999, 0.5249999999999999, 0.575, 0.625, 0.675, 0.7250000000000001, 0.7750000000000001, 0.8250000000000002, 0.8750000000000002, 0.9250000000000003, 0.9750000000000003, 1.0250000000000004, 1.0750000000000004, 1.1250000000000004, 1.1750000000000005, 1.2250000000000005, 1.2750000000000006, 1.3250000000000006, 1.3750000000000007, 1.4250000000000007, 1.4750000000000008], "dt": [0.025, 0.025, 0.05, 0.05, 0.05, 0.05, 0.05, 0.05, 0.05, 0.05, 0.05, 0.05, 0.05, 0.05, 0.05, 0.05, 0.05, 0.05, 0.05, 0.05, 0.05, 0.05, 0.05, 0.05, 0.05, 0.05, 0.05, 0.05, 0.05, 0.05, 0.05]}