{"time": [0.0, 0.01767766952966369, 0.03535533905932738, 0.05303300858899107, 0.07071067811865477, 0.08838834764831846, 0.10606601717798216, 0.12374368670764585, 0.14142135623730953, 0.1590990257669732, 0.1767766952966369], "dt": [0.01767766952966369, 0.01767766952966369, 0.01767766952966369, 0.01767766952966369, 0.01767766952966369, 0.01767766952966369, 0.01767766952966369, 0.01767766952966369, 0.01767766952966369, 0.01767766952966369, 0.01767766952966369]}